"first_name","last_name","email","gender","age"
"Mariel","Finnigan","mfinnigan0@usda.gov","Female","60"
"Kenyon","Possek","kpossek1@ucoz.com","Male","12"
"Lalo","Manifould","lmanifould2@pbs.org","Male","26"
"Nickola","Carous","ncarous3@phoca.cz","Male","4"
"Norman","Dubbin","ndubbin4@wikipedia.org","Male","17"
"Hasty","Perdue","hperdue5@qq.com","","77"
"Franz","Castello","fcastello6@1688.com","Male","25"
"Jorge","Tarney","jtarney7@ft.com","Male","77"
"Eunice","Blakebrough","eblakebrough8@sohu.com","Female","45"
"Kristopher","Frankcombe","kfrankcombe9@slate.com","Male","91"
"Palm","Domotor","pdomotora@github.io","Male","6"
"Luz","Lansdowne","llansdowneb@theguardian.com","Female","16"
"Modestia","Keble","mkeblec@cmu.edu","Female","91"
"Stacee","Bovis","sbovisd@webeden.co.uk","Female","22"
"Eden","Wace","ewacee@marriott.com","Female","16"
"Tobias","Sherburn","tsherburnf@facebook.com","Male","2"
"Clair","Skillern","cskillerng@nih.gov","Male","78"
"Mathew","Addicott","maddicotth@acquirethisname.com","Male","65"
"Kerianne","Goacher","","Female","45"
"Maurits","Shawl","mshawlj@dmoz.org","Male","72"
